index,column_name,feature_type
0,p1_is_righthanded,player1
1,p1_age,player1
2,p1_height,player1
3,p1_stats_52w_win_pct,player1
4,p1_stats_52w_serve_points_won_pct,player1
5,p1_stats_52w_return_points_won_pct,player1
6,p1_stats_52w_ace_pct,player1
7,p1_stats_52w_df_pct,player1
8,p1_stats_52w_first_serve_pct,player1
9,p1_stats_52w_first_serve_won_pct,player1
10,p1_stats_52w_second_serve_won_pct,player1
11,p1_stats_52w_bp_converted_pct,player1
12,p1_stats_52w_bp_saved_pct,player1
13,p1_stats_52w_bp_created_per_return_game,player1
14,p1_stats_52w_bp_faced_per_game,player1
15,p1_stats_52w_games_ratio,player1
16,p1_stats_52w_total_points_won_pct,player1
17,p1_stats_52w_close_match_pct,player1
18,p1_stats_52w_deciding_set_pct,player1
19,p1_stats_52w_tiebreak_pct,player1
20,p1_stats_52w_upset_rate,player1
21,p1_stats_52w_upset_avg_magnitude,player1
22,p1_stats_52w_efficiency_ratio,player1
23,p1_stats_52w_defend_rate,player1
24,p1_stats_52w_return_game_impact,player1
25,p1_stats_52w_return_games_broken_pct,player1
26,p1_stats_52w_service_games_held_pct,player1
27,p1_stats_52w_first_return_won_pct,player1
28,p1_stats_52w_second_return_won_pct,player1
29,p1_stats_52w_losses,player1
30,p1_stats_52w_matches_played,player1
31,p1_stats_52w_wins,player1
32,p1_stats_52w_service_game_efficiency,player1
33,p1_stats_52w_straight_sets_pct,player1
34,p1_surface_win_pct,player1
35,p1_surface_serve_pct,player1
36,p1_surface_return_pct,player1
37,p1_stats_4w_ace_pct,player1
38,p1_stats_4w_bp_converted_pct,player1
39,p1_stats_4w_bp_created_per_return_game,player1
40,p1_stats_4w_bp_faced_per_game,player1
41,p1_stats_4w_bp_saved_pct,player1
42,p1_stats_4w_df_pct,player1
43,p1_stats_4w_efficiency_ratio,player1
44,p1_stats_4w_first_return_won_pct,player1
45,p1_stats_4w_first_serve_pct,player1
46,p1_stats_4w_first_serve_won_pct,player1
47,p1_stats_4w_games_ratio,player1
48,p1_stats_4w_losses,player1
49,p1_stats_4w_matches_per_week,player1
50,p1_stats_4w_matches_played,player1
51,p1_stats_4w_return_game_impact,player1
52,p1_stats_4w_return_games_broken_pct,player1
53,p1_stats_4w_return_points_won_pct,player1
54,p1_stats_4w_second_return_won_pct,player1
55,p1_stats_4w_second_serve_won_pct,player1
56,p1_stats_4w_serve_points_won_pct,player1
57,p1_stats_4w_service_game_efficiency,player1
58,p1_stats_4w_service_games_held_pct,player1
59,p1_stats_4w_straight_sets_pct,player1
60,p1_stats_4w_tiebreak_pct,player1
61,p1_stats_4w_total_points_won_pct,player1
62,p1_stats_4w_win_pct,player1
63,p1_stats_4w_wins,player1
64,p1_stats_8w_ace_pct,player1
65,p1_stats_8w_bp_converted_pct,player1
66,p1_stats_8w_bp_created_per_return_game,player1
67,p1_stats_8w_bp_faced_per_game,player1
68,p1_stats_8w_bp_saved_pct,player1
69,p1_stats_8w_df_pct,player1
70,p1_stats_8w_efficiency_ratio,player1
71,p1_stats_8w_first_return_won_pct,player1
72,p1_stats_8w_first_serve_pct,player1
73,p1_stats_8w_first_serve_won_pct,player1
74,p1_stats_8w_games_ratio,player1
75,p1_stats_8w_losses,player1
76,p1_stats_8w_matches_per_week,player1
77,p1_stats_8w_matches_played,player1
78,p1_stats_8w_return_game_impact,player1
79,p1_stats_8w_return_games_broken_pct,player1
80,p1_stats_8w_return_points_won_pct,player1
81,p1_stats_8w_second_return_won_pct,player1
82,p1_stats_8w_second_serve_won_pct,player1
83,p1_stats_8w_serve_points_won_pct,player1
84,p1_stats_8w_service_game_efficiency,player1
85,p1_stats_8w_service_games_held_pct,player1
86,p1_stats_8w_straight_sets_pct,player1
87,p1_stats_8w_tiebreak_pct,player1
88,p1_stats_8w_total_points_won_pct,player1
89,p1_stats_8w_win_pct,player1
90,p1_stats_8w_wins,player1
91,p1_form_delta_4w,player1
92,p1_form_delta_8w,player1
93,p1_rank,player1
94,p1_ranking_points,player1
95,p1_rel_stats_52w_win_pct,player1
96,p1_rel_stats_52w_serve_points_won_pct,player1
97,p1_rel_stats_52w_return_points_won_pct,player1
98,p1_rel_stats_52w_games_ratio,player1
99,p1_rel_stats_52w_total_points_won_pct,player1
100,p1_elo_overall,player1
101,p1_elo_surface,player1
102,p1_glicko_rating,player1
103,p1_glicko_rd,player1
104,p1_glicko_surface,player1
105,p1_glicko_surface_rd,player1
106,p1_elo_factor_1,player1
107,p1_glicko_factor_1,player1
108,p1_elo_factor_2,player1
109,p1_glicko_factor_2,player1
110,p1_elo_factor_3,player1
111,p1_glicko_factor_3,player1
112,p1_elo_factor_4,player1
113,p1_glicko_factor_4,player1
114,p1_elo_factor_5,player1
115,p1_glicko_factor_5,player1
116,p2_is_righthanded,player2
117,p2_age,player2
118,p2_height,player2
119,p2_stats_52w_win_pct,player2
120,p2_stats_52w_serve_points_won_pct,player2
121,p2_stats_52w_return_points_won_pct,player2
122,p2_stats_52w_ace_pct,player2
123,p2_stats_52w_df_pct,player2
124,p2_stats_52w_first_serve_pct,player2
125,p2_stats_52w_first_serve_won_pct,player2
126,p2_stats_52w_second_serve_won_pct,player2
127,p2_stats_52w_bp_converted_pct,player2
128,p2_stats_52w_bp_saved_pct,player2
129,p2_stats_52w_bp_created_per_return_game,player2
130,p2_stats_52w_bp_faced_per_game,player2
131,p2_stats_52w_games_ratio,player2
132,p2_stats_52w_total_points_won_pct,player2
133,p2_stats_52w_close_match_pct,player2
134,p2_stats_52w_deciding_set_pct,player2
135,p2_stats_52w_tiebreak_pct,player2
136,p2_stats_52w_upset_rate,player2
137,p2_stats_52w_upset_avg_magnitude,player2
138,p2_stats_52w_efficiency_ratio,player2
139,p2_stats_52w_defend_rate,player2
140,p2_stats_52w_return_game_impact,player2
141,p2_stats_52w_return_games_broken_pct,player2
142,p2_stats_52w_service_games_held_pct,player2
143,p2_stats_52w_first_return_won_pct,player2
144,p2_stats_52w_second_return_won_pct,player2
145,p2_stats_52w_losses,player2
146,p2_stats_52w_matches_played,player2
147,p2_stats_52w_wins,player2
148,p2_stats_52w_service_game_efficiency,player2
149,p2_stats_52w_straight_sets_pct,player2
150,p2_surface_win_pct,player2
151,p2_surface_serve_pct,player2
152,p2_surface_return_pct,player2
153,p2_stats_4w_ace_pct,player2
154,p2_stats_4w_bp_converted_pct,player2
155,p2_stats_4w_bp_created_per_return_game,player2
156,p2_stats_4w_bp_faced_per_game,player2
157,p2_stats_4w_bp_saved_pct,player2
158,p2_stats_4w_df_pct,player2
159,p2_stats_4w_efficiency_ratio,player2
160,p2_stats_4w_first_return_won_pct,player2
161,p2_stats_4w_first_serve_pct,player2
162,p2_stats_4w_first_serve_won_pct,player2
163,p2_stats_4w_games_ratio,player2
164,p2_stats_4w_losses,player2
165,p2_stats_4w_matches_per_week,player2
166,p2_stats_4w_matches_played,player2
167,p2_stats_4w_return_game_impact,player2
168,p2_stats_4w_return_games_broken_pct,player2
169,p2_stats_4w_return_points_won_pct,player2
170,p2_stats_4w_second_return_won_pct,player2
171,p2_stats_4w_second_serve_won_pct,player2
172,p2_stats_4w_serve_points_won_pct,player2
173,p2_stats_4w_service_game_efficiency,player2
174,p2_stats_4w_service_games_held_pct,player2
175,p2_stats_4w_straight_sets_pct,player2
176,p2_stats_4w_tiebreak_pct,player2
177,p2_stats_4w_total_points_won_pct,player2
178,p2_stats_4w_win_pct,player2
179,p2_stats_4w_wins,player2
180,p2_stats_8w_ace_pct,player2
181,p2_stats_8w_bp_converted_pct,player2
182,p2_stats_8w_bp_created_per_return_game,player2
183,p2_stats_8w_bp_faced_per_game,player2
184,p2_stats_8w_bp_saved_pct,player2
185,p2_stats_8w_df_pct,player2
186,p2_stats_8w_efficiency_ratio,player2
187,p2_stats_8w_first_return_won_pct,player2
188,p2_stats_8w_first_serve_pct,player2
189,p2_stats_8w_first_serve_won_pct,player2
190,p2_stats_8w_games_ratio,player2
191,p2_stats_8w_losses,player2
192,p2_stats_8w_matches_per_week,player2
193,p2_stats_8w_matches_played,player2
194,p2_stats_8w_return_game_impact,player2
195,p2_stats_8w_return_games_broken_pct,player2
196,p2_stats_8w_return_points_won_pct,player2
197,p2_stats_8w_second_return_won_pct,player2
198,p2_stats_8w_second_serve_won_pct,player2
199,p2_stats_8w_serve_points_won_pct,player2
200,p2_stats_8w_service_game_efficiency,player2
201,p2_stats_8w_service_games_held_pct,player2
202,p2_stats_8w_straight_sets_pct,player2
203,p2_stats_8w_tiebreak_pct,player2
204,p2_stats_8w_total_points_won_pct,player2
205,p2_stats_8w_win_pct,player2
206,p2_stats_8w_wins,player2
207,p2_form_delta_4w,player2
208,p2_form_delta_8w,player2
209,p2_rank,player2
210,p2_ranking_points,player2
211,p2_rel_stats_52w_win_pct,player2
212,p2_rel_stats_52w_serve_points_won_pct,player2
213,p2_rel_stats_52w_return_points_won_pct,player2
214,p2_rel_stats_52w_games_ratio,player2
215,p2_rel_stats_52w_total_points_won_pct,player2
216,p2_elo_overall,player2
217,p2_elo_surface,player2
218,p2_glicko_rating,player2
219,p2_glicko_rd,player2
220,p2_glicko_surface,player2
221,p2_glicko_surface_rd,player2
222,p2_elo_factor_1,player2
223,p2_glicko_factor_1,player2
224,p2_elo_factor_2,player2
225,p2_glicko_factor_2,player2
226,p2_elo_factor_3,player2
227,p2_glicko_factor_3,player2
228,p2_elo_factor_4,player2
229,p2_glicko_factor_4,player2
230,p2_elo_factor_5,player2
231,p2_glicko_factor_5,player2
232,diff_rank,differential
233,diff_elo_overall,differential
234,diff_elo_surface,differential
235,diff_glicko_rating,differential
236,diff_stats_52w_win_pct,differential
237,diff_stats_52w_serve_points_won_pct,differential
238,diff_stats_52w_return_points_won_pct,differential
239,diff_stats_52w_total_points_won_pct,differential
240,diff_stats_4w_bp_converted_pct,differential
241,diff_stats_4w_bp_created_per_return_game,differential
242,diff_stats_4w_bp_faced_per_game,differential
243,diff_stats_4w_bp_saved_pct,differential
244,diff_stats_4w_first_serve_pct,differential
245,diff_stats_4w_first_serve_won_pct,differential
246,diff_stats_4w_return_game_impact,differential
247,diff_stats_4w_return_games_broken_pct,differential
248,diff_stats_4w_return_points_won_pct,differential
249,diff_stats_4w_second_serve_won_pct,differential
250,diff_stats_4w_serve_points_won_pct,differential
251,diff_stats_4w_service_game_efficiency,differential
252,diff_stats_4w_straight_sets_pct,differential
253,diff_stats_4w_total_points_won_pct,differential
254,diff_stats_4w_win_pct,differential
255,diff_stats_8w_bp_converted_pct,differential
256,diff_stats_8w_bp_created_per_return_game,differential
257,diff_stats_8w_bp_faced_per_game,differential
258,diff_stats_8w_bp_saved_pct,differential
259,diff_stats_8w_first_serve_pct,differential
260,diff_stats_8w_first_serve_won_pct,differential
261,diff_stats_8w_return_game_impact,differential
262,diff_stats_8w_return_games_broken_pct,differential
263,diff_stats_8w_return_points_won_pct,differential
264,diff_stats_8w_second_serve_won_pct,differential
265,diff_stats_8w_serve_points_won_pct,differential
266,diff_stats_8w_service_game_efficiency,differential
267,diff_stats_8w_straight_sets_pct,differential
268,diff_stats_8w_total_points_won_pct,differential
269,diff_stats_8w_win_pct,differential
